page,tag256_ImageWidth,tag257_ImageLength,tag258_BitsPerSample,tag259_Compression,tag262_PhotometricInterpretation,tag273_StripOffsets,tag277_SamplesPerPixel,tag278_RowsPerStrip,tag279_StripByteCounts,tag282_XResolution,tag283_YResolution,tag296_ResolutionUnit,tag32768,tag32769,tag32770,tag32771,tag32772,tag32773,tag32774,tag32775,tag32776,tag32777,tag32778,tag32779,tag32781_ImageID,tag32782,timestamp_ns,t_seconds,delta_ms
0,1440,1080,16,1,1,"(342,)",1,1080,"(3110400,)","(20, 1)","(20, 1)",2,10,0,1,1,0,0,1440,1080,17423,0,1,346,1939,141413056,8328083000000,0.0,
1,1440,1080,16,1,1,"(3111076,)",1,1080,"(3110400,)","(20, 1)","(20, 1)",2,10,0,1,1,0,0,1440,1080,17423,0,1,347,1939,207413056,8328149000000,0.066,66.0
2,1440,1080,16,1,1,"(6221810,)",1,1080,"(3110400,)","(20, 1)","(20, 1)",2,10,0,1,1,0,0,1440,1080,17423,0,1,348,1939,274413056,8328216000000,0.133,67.0
3,1440,1080,16,1,1,"(9332544,)",1,1080,"(3110400,)","(20, 1)","(20, 1)",2,10,0,1,1,0,0,1440,1080,17423,0,1,349,1939,341413056,8328283000000,0.2,67.0
4,1440,1080,16,1,1,"(12443278,)",1,1080,"(3110400,)","(20, 1)","(20, 1)",2,10,0,1,1,0,0,1440,1080,17423,0,1,350,1939,407413056,8328349000000,0.266,66.0
5,1440,1080,16,1,1,"(15554012,)",1,1080,"(3110400,)","(20, 1)","(20, 1)",2,10,0,1,1,0,0,1440,1080,17423,0,1,351,1939,474413056,8328416000000,0.333,67.0
6,1440,1080,16,1,1,"(18664746,)",1,1080,"(3110400,)","(20, 1)","(20, 1)",2,10,0,1,1,0,0,1440,1080,17423,0,1,352,1939,541413056,8328483000000,0.4,67.0
7,1440,1080,16,1,1,"(21775480,)",1,1080,"(3110400,)","(20, 1)","(20, 1)",2,10,0,1,1,0,0,1440,1080,17423,0,1,353,1939,607413056,8328549000000,0.466,66.0
8,1440,1080,16,1,1,"(24886214,)",1,1080,"(3110400,)","(20, 1)","(20, 1)",2,10,0,1,1,0,0,1440,1080,17423,0,1,354,1939,674413056,8328616000000,0.533,67.0
9,1440,1080,16,1,1,"(27996948,)",1,1080,"(3110400,)","(20, 1)","(20, 1)",2,10,0,1,1,0,0,1440,1080,17423,0,1,355,1939,741413056,8328683000000,0.6,67.0
10,1440,1080,16,1,1,"(31107682,)",1,1080,"(3110400,)","(20, 1)","(20, 1)",2,10,0,1,1,0,0,1440,1080,17423,0,1,356,1939,807413056,8328749000000,0.666,66.0
11,1440,1080,16,1,1,"(34218416,)",1,1080,"(3110400,)","(20, 1)","(20, 1)",2,10,0,1,1,0,0,1440,1080,17423,0,1,357,1939,874413056,8328816000000,0.733,67.0
12,1440,1080,16,1,1,"(37329150,)",1,1080,"(3110400,)","(20, 1)","(20, 1)",2,10,0,1,1,0,0,1440,1080,17423,0,1,358,1939,941413056,8328883000000,0.8,67.0
13,1440,1080,16,1,1,"(40439884,)",1,1080,"(3110400,)","(20, 1)","(20, 1)",2,10,0,1,1,0,0,1440,1080,17423,0,1,359,1939,1007413056,8328949000000,0.866,66.0
14,1440,1080,16,1,1,"(43550618,)",1,1080,"(3110400,)","(20, 1)","(20, 1)",2,10,0,1,1,0,0,1440,1080,17423,0,1,360,1939,1074413056,8329016000000,0.933,67.0
15,1440,1080,16,1,1,"(46661352,)",1,1080,"(3110400,)","(20, 1)","(20, 1)",2,10,0,1,1,0,0,1440,1080,17423,0,1,361,1939,1141413056,8329083000000,1.0,67.0
16,1440,1080,16,1,1,"(49772086,)",1,1080,"(3110400,)","(20, 1)","(20, 1)",2,10,0,1,1,0,0,1440,1080,17423,0,1,362,1939,1207413056,8329149000000,1.066,66.0
17,1440,1080,16,1,1,"(52882820,)",1,1080,"(3110400,)","(20, 1)","(20, 1)",2,10,0,1,1,0,0,1440,1080,17423,0,1,363,1939,1274413056,8329216000000,1.133,67.0
18,1440,1080,16,1,1,"(55993554,)",1,1080,"(3110400,)","(20, 1)","(20, 1)",2,10,0,1,1,0,0,1440,1080,17423,0,1,364,1939,1341413056,8329283000000,1.2,67.0
19,1440,1080,16,1,1,"(59104288,)",1,1080,"(3110400,)","(20, 1)","(20, 1)",2,10,0,1,1,0,0,1440,1080,17423,0,1,365,1939,1407413056,8329349000000,1.266,66.0
20,1440,1080,16,1,1,"(62215022,)",1,1080,"(3110400,)","(20, 1)","(20, 1)",2,10,0,1,1,0,0,1440,1080,17423,0,1,366,1939,1474413056,8329416000000,1.333,67.0
21,1440,1080,16,1,1,"(65325756,)",1,1080,"(3110400,)","(20, 1)","(20, 1)",2,10,0,1,1,0,0,1440,1080,17423,0,1,367,1939,1541413056,8329483000000,1.4,67.0
22,1440,1080,16,1,1,"(68436490,)",1,1080,"(3110400,)","(20, 1)","(20, 1)",2,10,0,1,1,0,0,1440,1080,17423,0,1,368,1939,1607413056,8329549000000,1.466,66.0
23,1440,1080,16,1,1,"(71547224,)",1,1080,"(3110400,)","(20, 1)","(20, 1)",2,10,0,1,1,0,0,1440,1080,17423,0,1,369,1939,1674413056,8329616000000,1.533,67.0
24,1440,1080,16,1,1,"(74657958,)",1,1080,"(3110400,)","(20, 1)","(20, 1)",2,10,0,1,1,0,0,1440,1080,17423,0,1,370,1939,1741413056,8329683000000,1.6,67.0
25,1440,1080,16,1,1,"(77768692,)",1,1080,"(3110400,)","(20, 1)","(20, 1)",2,10,0,1,1,0,0,1440,1080,17423,0,1,371,1939,1807413056,8329749000000,1.666,66.0
26,1440,1080,16,1,1,"(80879426,)",1,1080,"(3110400,)","(20, 1)","(20, 1)",2,10,0,1,1,0,0,1440,1080,17423,0,1,372,1939,1874413056,8329816000000,1.733,67.0
27,1440,1080,16,1,1,"(83990160,)",1,1080,"(3110400,)","(20, 1)","(20, 1)",2,10,0,1,1,0,0,1440,1080,17423,0,1,373,1939,1941413056,8329883000000,1.8,67.0
28,1440,1080,16,1,1,"(87100894,)",1,1080,"(3110400,)","(20, 1)","(20, 1)",2,10,0,1,1,0,0,1440,1080,17423,0,1,374,1939,2007413056,8329949000000,1.866,66.0
29,1440,1080,16,1,1,"(90211628,)",1,1080,"(3110400,)","(20, 1)","(20, 1)",2,10,0,1,1,0,0,1440,1080,17423,0,1,375,1939,2074413056,8330016000000,1.933,67.0
30,1440,1080,16,1,1,"(93322362,)",1,1080,"(3110400,)","(20, 1)","(20, 1)",2,10,0,1,1,0,0,1440,1080,17423,0,1,376,1939,2141413056,8330083000000,2.0,67.0
31,1440,1080,16,1,1,"(96433096,)",1,1080,"(3110400,)","(20, 1)","(20, 1)",2,10,0,1,1,0,0,1440,1080,17423,0,1,377,1939,2207413056,8330149000000,2.066,66.0
32,1440,1080,16,1,1,"(99543830,)",1,1080,"(3110400,)","(20, 1)","(20, 1)",2,10,0,1,1,0,0,1440,1080,17423,0,1,378,1939,2274413056,8330216000000,2.133,67.0
33,1440,1080,16,1,1,"(102654564,)",1,1080,"(3110400,)","(20, 1)","(20, 1)",2,10,0,1,1,0,0,1440,1080,17423,0,1,379,1939,2341413056,8330283000000,2.2,67.0
34,1440,1080,16,1,1,"(105765298,)",1,1080,"(3110400,)","(20, 1)","(20, 1)",2,10,0,1,1,0,0,1440,1080,17423,0,1,380,1939,2407413056,8330349000000,2.266,66.0
35,1440,1080,16,1,1,"(108876032,)",1,1080,"(3110400,)","(20, 1)","(20, 1)",2,10,0,1,1,0,0,1440,1080,17423,0,1,381,1939,2474413056,8330416000000,2.333,67.0
36,1440,1080,16,1,1,"(111986766,)",1,1080,"(3110400,)","(20, 1)","(20, 1)",2,10,0,1,1,0,0,1440,1080,17423,0,1,382,1939,2541413056,8330483000000,2.4,67.0
37,1440,1080,16,1,1,"(115097500,)",1,1080,"(3110400,)","(20, 1)","(20, 1)",2,10,0,1,1,0,0,1440,1080,17423,0,1,383,1939,2607413056,8330549000000,2.466,66.0
38,1440,1080,16,1,1,"(118208234,)",1,1080,"(3110400,)","(20, 1)","(20, 1)",2,10,0,1,1,0,0,1440,1080,17423,0,1,384,1939,2674413056,8330616000000,2.533,67.0
39,1440,1080,16,1,1,"(121318968,)",1,1080,"(3110400,)","(20, 1)","(20, 1)",2,10,0,1,1,0,0,1440,1080,17423,0,1,385,1939,2741413056,8330683000000,2.6,67.0
40,1440,1080,16,1,1,"(124429702,)",1,1080,"(3110400,)","(20, 1)","(20, 1)",2,10,0,1,1,0,0,1440,1080,17423,0,1,386,1939,2807413056,8330749000000,2.666,66.0
41,1440,1080,16,1,1,"(127540436,)",1,1080,"(3110400,)","(20, 1)","(20, 1)",2,10,0,1,1,0,0,1440,1080,17423,0,1,387,1939,2874413056,8330816000000,2.733,67.0
42,1440,1080,16,1,1,"(130651170,)",1,1080,"(3110400,)","(20, 1)","(20, 1)",2,10,0,1,1,0,0,1440,1080,17423,0,1,388,1939,2941413056,8330883000000,2.8,67.0
43,1440,1080,16,1,1,"(133761904,)",1,1080,"(3110400,)","(20, 1)","(20, 1)",2,10,0,1,1,0,0,1440,1080,17423,0,1,389,1939,3007413056,8330949000000,2.866,66.0
44,1440,1080,16,1,1,"(136872638,)",1,1080,"(3110400,)","(20, 1)","(20, 1)",2,10,0,1,1,0,0,1440,1080,17423,0,1,390,1939,3074413056,8331016000000,2.933,67.0
45,1440,1080,16,1,1,"(139983372,)",1,1080,"(3110400,)","(20, 1)","(20, 1)",2,10,0,1,1,0,0,1440,1080,17423,0,1,391,1939,3141413056,8331083000000,3.0,67.0
46,1440,1080,16,1,1,"(143094106,)",1,1080,"(3110400,)","(20, 1)","(20, 1)",2,10,0,1,1,0,0,1440,1080,17423,0,1,392,1939,3207413056,8331149000000,3.066,66.0
47,1440,1080,16,1,1,"(146204840,)",1,1080,"(3110400,)","(20, 1)","(20, 1)",2,10,0,1,1,0,0,1440,1080,17423,0,1,393,1939,3274413056,8331216000000,3.133,67.0
48,1440,1080,16,1,1,"(149315574,)",1,1080,"(3110400,)","(20, 1)","(20, 1)",2,10,0,1,1,0,0,1440,1080,17423,0,1,394,1939,3341413056,8331283000000,3.2,67.0
49,1440,1080,16,1,1,"(152426308,)",1,1080,"(3110400,)","(20, 1)","(20, 1)",2,10,0,1,1,0,0,1440,1080,17423,0,1,395,1939,3407413056,8331349000000,3.266,66.0
50,1440,1080,16,1,1,"(155537042,)",1,1080,"(3110400,)","(20, 1)","(20, 1)",2,10,0,1,1,0,0,1440,1080,17423,0,1,396,1939,3474413056,8331416000000,3.333,67.0
51,1440,1080,16,1,1,"(158647776,)",1,1080,"(3110400,)","(20, 1)","(20, 1)",2,10,0,1,1,0,0,1440,1080,17423,0,1,397,1939,3541413056,8331483000000,3.4,67.0
52,1440,1080,16,1,1,"(161758510,)",1,1080,"(3110400,)","(20, 1)","(20, 1)",2,10,0,1,1,0,0,1440,1080,17423,0,1,398,1939,3607413056,8331549000000,3.466,66.0
53,1440,1080,16,1,1,"(164869244,)",1,1080,"(3110400,)","(20, 1)","(20, 1)",2,10,0,1,1,0,0,1440,1080,17423,0,1,399,1939,3674413056,8331616000000,3.533,67.0
54,1440,1080,16,1,1,"(167979978,)",1,1080,"(3110400,)","(20, 1)","(20, 1)",2,10,0,1,1,0,0,1440,1080,17423,0,1,400,1939,3741413056,8331683000000,3.6,67.0
55,1440,1080,16,1,1,"(171090712,)",1,1080,"(3110400,)","(20, 1)","(20, 1)",2,10,0,1,1,0,0,1440,1080,17423,0,1,401,1939,3807413056,8331749000000,3.666,66.0
56,1440,1080,16,1,1,"(174201446,)",1,1080,"(3110400,)","(20, 1)","(20, 1)",2,10,0,1,1,0,0,1440,1080,17423,0,1,402,1939,3874413056,8331816000000,3.733,67.0
57,1440,1080,16,1,1,"(177312180,)",1,1080,"(3110400,)","(20, 1)","(20, 1)",2,10,0,1,1,0,0,1440,1080,17423,0,1,403,1939,3941413056,8331883000000,3.8,67.0
58,1440,1080,16,1,1,"(180422914,)",1,1080,"(3110400,)","(20, 1)","(20, 1)",2,10,0,1,1,0,0,1440,1080,17423,0,1,404,1939,4007413056,8331949000000,3.866,66.0
59,1440,1080,16,1,1,"(183533648,)",1,1080,"(3110400,)","(20, 1)","(20, 1)",2,10,0,1,1,0,0,1440,1080,17423,0,1,405,1939,4074413056,8332016000000,3.933,67.0
60,1440,1080,16,1,1,"(186644382,)",1,1080,"(3110400,)","(20, 1)","(20, 1)",2,10,0,1,1,0,0,1440,1080,17423,0,1,406,1939,4141413056,8332083000000,4.0,67.0
61,1440,1080,16,1,1,"(189755116,)",1,1080,"(3110400,)","(20, 1)","(20, 1)",2,10,0,1,1,0,0,1440,1080,17423,0,1,407,1939,4207413056,8332149000000,4.066,66.0
62,1440,1080,16,1,1,"(192865850,)",1,1080,"(3110400,)","(20, 1)","(20, 1)",2,10,0,1,1,0,0,1440,1080,17423,0,1,408,1939,4274413056,8332216000000,4.133,67.0
63,1440,1080,16,1,1,"(195976584,)",1,1080,"(3110400,)","(20, 1)","(20, 1)",2,10,0,1,1,0,0,1440,1080,17423,0,1,409,1940,46445760,8332283000000,4.2,67.0
64,1440,1080,16,1,1,"(199087318,)",1,1080,"(3110400,)","(20, 1)","(20, 1)",2,10,0,1,1,0,0,1440,1080,17423,0,1,410,1940,112445760,8332349000000,4.266,66.0
65,1440,1080,16,1,1,"(202198052,)",1,1080,"(3110400,)","(20, 1)","(20, 1)",2,10,0,1,1,0,0,1440,1080,17423,0,1,411,1940,179445760,8332416000000,4.333,67.0
66,1440,1080,16,1,1,"(205308786,)",1,1080,"(3110400,)","(20, 1)","(20, 1)",2,10,0,1,1,0,0,1440,1080,17423,0,1,412,1940,246445760,8332483000000,4.4,67.0
67,1440,1080,16,1,1,"(208419520,)",1,1080,"(3110400,)","(20, 1)","(20, 1)",2,10,0,1,1,0,0,1440,1080,17423,0,1,413,1940,312445760,8332549000000,4.466,66.0
68,1440,1080,16,1,1,"(211530254,)",1,1080,"(3110400,)","(20, 1)","(20, 1)",2,10,0,1,1,0,0,1440,1080,17423,0,1,414,1940,379445760,8332616000000,4.533,67.0
69,1440,1080,16,1,1,"(214640988,)",1,1080,"(3110400,)","(20, 1)","(20, 1)",2,10,0,1,1,0,0,1440,1080,17423,0,1,415,1940,446445760,8332683000000,4.6,67.0
70,1440,1080,16,1,1,"(217751722,)",1,1080,"(3110400,)","(20, 1)","(20, 1)",2,10,0,1,1,0,0,1440,1080,17423,0,1,416,1940,512445760,8332749000000,4.666,66.0
71,1440,1080,16,1,1,"(220862456,)",1,1080,"(3110400,)","(20, 1)","(20, 1)",2,10,0,1,1,0,0,1440,1080,17423,0,1,417,1940,579445760,8332816000000,4.733,67.0
72,1440,1080,16,1,1,"(223973190,)",1,1080,"(3110400,)","(20, 1)","(20, 1)",2,10,0,1,1,0,0,1440,1080,17423,0,1,418,1940,646445760,8332883000000,4.8,67.0
73,1440,1080,16,1,1,"(227083924,)",1,1080,"(3110400,)","(20, 1)","(20, 1)",2,10,0,1,1,0,0,1440,1080,17423,0,1,419,1940,712445760,8332949000000,4.866,66.0
74,1440,1080,16,1,1,"(230194658,)",1,1080,"(3110400,)","(20, 1)","(20, 1)",2,10,0,1,1,0,0,1440,1080,17423,0,1,420,1940,779445760,8333016000000,4.933,67.0
75,1440,1080,16,1,1,"(233305392,)",1,1080,"(3110400,)","(20, 1)","(20, 1)",2,10,0,1,1,0,0,1440,1080,17423,0,1,421,1940,846445760,8333083000000,5.0,67.0
76,1440,1080,16,1,1,"(236416126,)",1,1080,"(3110400,)","(20, 1)","(20, 1)",2,10,0,1,1,0,0,1440,1080,17423,0,1,422,1940,912445760,8333149000000,5.066,66.0
77,1440,1080,16,1,1,"(239526860,)",1,1080,"(3110400,)","(20, 1)","(20, 1)",2,10,0,1,1,0,0,1440,1080,17423,0,1,423,1940,979445760,8333216000000,5.133,67.0
78,1440,1080,16,1,1,"(242637594,)",1,1080,"(3110400,)","(20, 1)","(20, 1)",2,10,0,1,1,0,0,1440,1080,17423,0,1,424,1940,1046445760,8333283000000,5.2,67.0
79,1440,1080,16,1,1,"(245748328,)",1,1080,"(3110400,)","(20, 1)","(20, 1)",2,10,0,1,1,0,0,1440,1080,17423,0,1,425,1940,1112445760,8333349000000,5.266,66.0
80,1440,1080,16,1,1,"(248859062,)",1,1080,"(3110400,)","(20, 1)","(20, 1)",2,10,0,1,1,0,0,1440,1080,17423,0,1,426,1940,1179445760,8333416000000,5.333,67.0
81,1440,1080,16,1,1,"(251969796,)",1,1080,"(3110400,)","(20, 1)","(20, 1)",2,10,0,1,1,0,0,1440,1080,17423,0,1,427,1940,1246445760,8333483000000,5.4,67.0
82,1440,1080,16,1,1,"(255080530,)",1,1080,"(3110400,)","(20, 1)","(20, 1)",2,10,0,1,1,0,0,1440,1080,17423,0,1,428,1940,1312445760,8333549000000,5.466,66.0
83,1440,1080,16,1,1,"(258191264,)",1,1080,"(3110400,)","(20, 1)","(20, 1)",2,10,0,1,1,0,0,1440,1080,17423,0,1,429,1940,1379445760,8333616000000,5.533,67.0
84,1440,1080,16,1,1,"(261301998,)",1,1080,"(3110400,)","(20, 1)","(20, 1)",2,10,0,1,1,0,0,1440,1080,17423,0,1,430,1940,1446445760,8333683000000,5.6,67.0
85,1440,1080,16,1,1,"(264412732,)",1,1080,"(3110400,)","(20, 1)","(20, 1)",2,10,0,1,1,0,0,1440,1080,17423,0,1,431,1940,1512445760,8333749000000,5.666,66.0
86,1440,1080,16,1,1,"(267523466,)",1,1080,"(3110400,)","(20, 1)","(20, 1)",2,10,0,1,1,0,0,1440,1080,17423,0,1,432,1940,1579445760,8333816000000,5.733,67.0
87,1440,1080,16,1,1,"(270634200,)",1,1080,"(3110400,)","(20, 1)","(20, 1)",2,10,0,1,1,0,0,1440,1080,17423,0,1,433,1940,1646445760,8333883000000,5.8,67.0
88,1440,1080,16,1,1,"(273744934,)",1,1080,"(3110400,)","(20, 1)","(20, 1)",2,10,0,1,1,0,0,1440,1080,17423,0,1,434,1940,1712445760,8333949000000,5.866,66.0
89,1440,1080,16,1,1,"(276855668,)",1,1080,"(3110400,)","(20, 1)","(20, 1)",2,10,0,1,1,0,0,1440,1080,17423,0,1,435,1940,1779445760,8334016000000,5.933,67.0
90,1440,1080,16,1,1,"(279966402,)",1,1080,"(3110400,)","(20, 1)","(20, 1)",2,10,0,1,1,0,0,1440,1080,17423,0,1,436,1940,1846445760,8334083000000,6.0,67.0
91,1440,1080,16,1,1,"(283077136,)",1,1080,"(3110400,)","(20, 1)","(20, 1)",2,10,0,1,1,0,0,1440,1080,17423,0,1,437,1940,1912445760,8334149000000,6.066,66.0
92,1440,1080,16,1,1,"(286187870,)",1,1080,"(3110400,)","(20, 1)","(20, 1)",2,10,0,1,1,0,0,1440,1080,17423,0,1,438,1940,1979445760,8334216000000,6.133,67.0
93,1440,1080,16,1,1,"(289298604,)",1,1080,"(3110400,)","(20, 1)","(20, 1)",2,10,0,1,1,0,0,1440,1080,17423,0,1,439,1940,2046445760,8334283000000,6.2,67.0
94,1440,1080,16,1,1,"(292409338,)",1,1080,"(3110400,)","(20, 1)","(20, 1)",2,10,0,1,1,0,0,1440,1080,17423,0,1,440,1940,2112445760,8334349000000,6.266,66.0
95,1440,1080,16,1,1,"(295520072,)",1,1080,"(3110400,)","(20, 1)","(20, 1)",2,10,0,1,1,0,0,1440,1080,17423,0,1,441,1940,2179445760,8334416000000,6.333,67.0
96,1440,1080,16,1,1,"(298630806,)",1,1080,"(3110400,)","(20, 1)","(20, 1)",2,10,0,1,1,0,0,1440,1080,17423,0,1,442,1940,2246445760,8334483000000,6.4,67.0
97,1440,1080,16,1,1,"(301741540,)",1,1080,"(3110400,)","(20, 1)","(20, 1)",2,10,0,1,1,0,0,1440,1080,17423,0,1,443,1940,2312445760,8334549000000,6.466,66.0
98,1440,1080,16,1,1,"(304852274,)",1,1080,"(3110400,)","(20, 1)","(20, 1)",2,10,0,1,1,0,0,1440,1080,17423,0,1,444,1940,2379445760,8334616000000,6.533,67.0
99,1440,1080,16,1,1,"(307963008,)",1,1080,"(3110400,)","(20, 1)","(20, 1)",2,10,0,1,1,0,0,1440,1080,17423,0,1,445,1940,2446445760,8334683000000,6.6,67.0
100,1440,1080,16,1,1,"(311073742,)",1,1080,"(3110400,)","(20, 1)","(20, 1)",2,10,0,1,1,0,0,1440,1080,17423,0,1,446,1940,2512445760,8334749000000,6.666,66.0
101,1440,1080,16,1,1,"(314184476,)",1,1080,"(3110400,)","(20, 1)","(20, 1)",2,10,0,1,1,0,0,1440,1080,17423,0,1,447,1940,2579445760,8334816000000,6.733,67.0
102,1440,1080,16,1,1,"(317295210,)",1,1080,"(3110400,)","(20, 1)","(20, 1)",2,10,0,1,1,0,0,1440,1080,17423,0,1,448,1940,2646445760,8334883000000,6.8,67.0
103,1440,1080,16,1,1,"(320405944,)",1,1080,"(3110400,)","(20, 1)","(20, 1)",2,10,0,1,1,0,0,1440,1080,17423,0,1,449,1940,2712445760,8334949000000,6.866,66.0
104,1440,1080,16,1,1,"(323516678,)",1,1080,"(3110400,)","(20, 1)","(20, 1)",2,10,0,1,1,0,0,1440,1080,17423,0,1,450,1940,2779445760,8335016000000,6.933,67.0
105,1440,1080,16,1,1,"(326627412,)",1,1080,"(3110400,)","(20, 1)","(20, 1)",2,10,0,1,1,0,0,1440,1080,17423,0,1,451,1940,2846445760,8335083000000,7.0,67.0
106,1440,1080,16,1,1,"(329738146,)",1,1080,"(3110400,)","(20, 1)","(20, 1)",2,10,0,1,1,0,0,1440,1080,17423,0,1,452,1940,2912445760,8335149000000,7.066,66.0
107,1440,1080,16,1,1,"(332848880,)",1,1080,"(3110400,)","(20, 1)","(20, 1)",2,10,0,1,1,0,0,1440,1080,17423,0,1,453,1940,2979445760,8335216000000,7.133,67.0
108,1440,1080,16,1,1,"(335959614,)",1,1080,"(3110400,)","(20, 1)","(20, 1)",2,10,0,1,1,0,0,1440,1080,17423,0,1,454,1940,3046445760,8335283000000,7.2,67.0
109,1440,1080,16,1,1,"(339070348,)",1,1080,"(3110400,)","(20, 1)","(20, 1)",2,10,0,1,1,0,0,1440,1080,17423,0,1,455,1940,3112445760,8335349000000,7.266,66.0
110,1440,1080,16,1,1,"(342181082,)",1,1080,"(3110400,)","(20, 1)","(20, 1)",2,10,0,1,1,0,0,1440,1080,17423,0,1,456,1940,3179445760,8335416000000,7.333,67.0
111,1440,1080,16,1,1,"(345291816,)",1,1080,"(3110400,)","(20, 1)","(20, 1)",2,10,0,1,1,0,0,1440,1080,17423,0,1,457,1940,3246445760,8335483000000,7.4,67.0
112,1440,1080,16,1,1,"(348402550,)",1,1080,"(3110400,)","(20, 1)","(20, 1)",2,10,0,1,1,0,0,1440,1080,17423,0,1,458,1940,3312445760,8335549000000,7.466,66.0
113,1440,1080,16,1,1,"(351513284,)",1,1080,"(3110400,)","(20, 1)","(20, 1)",2,10,0,1,1,0,0,1440,1080,17423,0,1,459,1940,3379445760,8335616000000,7.533,67.0
114,1440,1080,16,1,1,"(354624018,)",1,1080,"(3110400,)","(20, 1)","(20, 1)",2,10,0,1,1,0,0,1440,1080,17423,0,1,460,1940,3446445760,8335683000000,7.6,67.0
115,1440,1080,16,1,1,"(357734752,)",1,1080,"(3110400,)","(20, 1)","(20, 1)",2,10,0,1,1,0,0,1440,1080,17423,0,1,461,1940,3512445760,8335749000000,7.666,66.0
116,1440,1080,16,1,1,"(360845486,)",1,1080,"(3110400,)","(20, 1)","(20, 1)",2,10,0,1,1,0,0,1440,1080,17423,0,1,462,1940,3579445760,8335816000000,7.733,67.0
117,1440,1080,16,1,1,"(363956220,)",1,1080,"(3110400,)","(20, 1)","(20, 1)",2,10,0,1,1,0,0,1440,1080,17423,0,1,463,1940,3646445760,8335883000000,7.8,67.0
118,1440,1080,16,1,1,"(367066954,)",1,1080,"(3110400,)","(20, 1)","(20, 1)",2,10,0,1,1,0,0,1440,1080,17423,0,1,464,1940,3712445760,8335949000000,7.866,66.0
119,1440,1080,16,1,1,"(370177688,)",1,1080,"(3110400,)","(20, 1)","(20, 1)",2,10,0,1,1,0,0,1440,1080,17423,0,1,465,1940,3779445760,8336016000000,7.933,67.0
120,1440,1080,16,1,1,"(373288422,)",1,1080,"(3110400,)","(20, 1)","(20, 1)",2,10,0,1,1,0,0,1440,1080,17423,0,1,466,1940,3846445760,8336083000000,8.0,67.0
121,1440,1080,16,1,1,"(376399156,)",1,1080,"(3110400,)","(20, 1)","(20, 1)",2,10,0,1,1,0,0,1440,1080,17423,0,1,467,1940,3912445760,8336149000000,8.066,66.0
122,1440,1080,16,1,1,"(379509890,)",1,1080,"(3110400,)","(20, 1)","(20, 1)",2,10,0,1,1,0,0,1440,1080,17423,0,1,468,1940,3979445760,8336216000000,8.133,67.0
123,1440,1080,16,1,1,"(382620624,)",1,1080,"(3110400,)","(20, 1)","(20, 1)",2,10,0,1,1,0,0,1440,1080,17423,0,1,469,1940,4046445760,8336283000000,8.2,67.0
124,1440,1080,16,1,1,"(385731358,)",1,1080,"(3110400,)","(20, 1)","(20, 1)",2,10,0,1,1,0,0,1440,1080,17423,0,1,470,1940,4112445760,8336349000000,8.266,66.0
125,1440,1080,16,1,1,"(388842092,)",1,1080,"(3110400,)","(20, 1)","(20, 1)",2,10,0,1,1,0,0,1440,1080,17423,0,1,471,1940,4179445760,8336416000000,8.333,67.0
126,1440,1080,16,1,1,"(391952826,)",1,1080,"(3110400,)","(20, 1)","(20, 1)",2,10,0,1,1,0,0,1440,1080,17423,0,1,472,1940,4246445760,8336483000000,8.4,67.0
127,1440,1080,16,1,1,"(395063560,)",1,1080,"(3110400,)","(20, 1)","(20, 1)",2,10,0,1,1,0,0,1440,1080,17423,0,1,473,1941,17478464,8336549000000,8.466,66.0
128,1440,1080,16,1,1,"(398174294,)",1,1080,"(3110400,)","(20, 1)","(20, 1)",2,10,0,1,1,0,0,1440,1080,17423,0,1,474,1941,84478464,8336616000000,8.533,67.0
129,1440,1080,16,1,1,"(401285028,)",1,1080,"(3110400,)","(20, 1)","(20, 1)",2,10,0,1,1,0,0,1440,1080,17423,0,1,475,1941,151478464,8336683000000,8.6,67.0
130,1440,1080,16,1,1,"(404395762,)",1,1080,"(3110400,)","(20, 1)","(20, 1)",2,10,0,1,1,0,0,1440,1080,17423,0,1,476,1941,217478464,8336749000000,8.666,66.0
131,1440,1080,16,1,1,"(407506496,)",1,1080,"(3110400,)","(20, 1)","(20, 1)",2,10,0,1,1,0,0,1440,1080,17423,0,1,477,1941,284478464,8336816000000,8.733,67.0
132,1440,1080,16,1,1,"(410617230,)",1,1080,"(3110400,)","(20, 1)","(20, 1)",2,10,0,1,1,0,0,1440,1080,17423,0,1,478,1941,351478464,8336883000000,8.8,67.0
133,1440,1080,16,1,1,"(413727964,)",1,1080,"(3110400,)","(20, 1)","(20, 1)",2,10,0,1,1,0,0,1440,1080,17423,0,1,479,1941,417478464,8336949000000,8.866,66.0
134,1440,1080,16,1,1,"(416838698,)",1,1080,"(3110400,)","(20, 1)","(20, 1)",2,10,0,1,1,0,0,1440,1080,17423,0,1,480,1941,484478464,8337016000000,8.933,67.0
135,1440,1080,16,1,1,"(419949432,)",1,1080,"(3110400,)","(20, 1)","(20, 1)",2,10,0,1,1,0,0,1440,1080,17423,0,1,481,1941,551478464,8337083000000,9.0,67.0
136,1440,1080,16,1,1,"(423060166,)",1,1080,"(3110400,)","(20, 1)","(20, 1)",2,10,0,1,1,0,0,1440,1080,17423,0,1,482,1941,617478464,8337149000000,9.066,66.0
137,1440,1080,16,1,1,"(426170900,)",1,1080,"(3110400,)","(20, 1)","(20, 1)",2,10,0,1,1,0,0,1440,1080,17423,0,1,483,1941,684478464,8337216000000,9.133,67.0
138,1440,1080,16,1,1,"(429281634,)",1,1080,"(3110400,)","(20, 1)","(20, 1)",2,10,0,1,1,0,0,1440,1080,17423,0,1,484,1941,751478464,8337283000000,9.2,67.0
139,1440,1080,16,1,1,"(432392368,)",1,1080,"(3110400,)","(20, 1)","(20, 1)",2,10,0,1,1,0,0,1440,1080,17423,0,1,485,1941,817478464,8337349000000,9.266,66.0
140,1440,1080,16,1,1,"(435503102,)",1,1080,"(3110400,)","(20, 1)","(20, 1)",2,10,0,1,1,0,0,1440,1080,17423,0,1,486,1941,884478464,8337416000000,9.333,67.0
141,1440,1080,16,1,1,"(438613836,)",1,1080,"(3110400,)","(20, 1)","(20, 1)",2,10,0,1,1,0,0,1440,1080,17423,0,1,487,1941,951478464,8337483000000,9.4,67.0
142,1440,1080,16,1,1,"(441724570,)",1,1080,"(3110400,)","(20, 1)","(20, 1)",2,10,0,1,1,0,0,1440,1080,17423,0,1,488,1941,1017478464,8337549000000,9.466,66.0
143,1440,1080,16,1,1,"(444835304,)",1,1080,"(3110400,)","(20, 1)","(20, 1)",2,10,0,1,1,0,0,1440,1080,17423,0,1,489,1941,1084478464,8337616000000,9.533,67.0
144,1440,1080,16,1,1,"(447946038,)",1,1080,"(3110400,)","(20, 1)","(20, 1)",2,10,0,1,1,0,0,1440,1080,17423,0,1,490,1941,1151478464,8337683000000,9.6,67.0
145,1440,1080,16,1,1,"(451056772,)",1,1080,"(3110400,)","(20, 1)","(20, 1)",2,10,0,1,1,0,0,1440,1080,17423,0,1,491,1941,1217478464,8337749000000,9.666,66.0
146,1440,1080,16,1,1,"(454167506,)",1,1080,"(3110400,)","(20, 1)","(20, 1)",2,10,0,1,1,0,0,1440,1080,17423,0,1,492,1941,1284478464,8337816000000,9.733,67.0
147,1440,1080,16,1,1,"(457278240,)",1,1080,"(3110400,)","(20, 1)","(20, 1)",2,10,0,1,1,0,0,1440,1080,17423,0,1,493,1941,1351478464,8337883000000,9.8,67.0
148,1440,1080,16,1,1,"(460388974,)",1,1080,"(3110400,)","(20, 1)","(20, 1)",2,10,0,1,1,0,0,1440,1080,17423,0,1,494,1941,1417478464,8337949000000,9.866,66.0
149,1440,1080,16,1,1,"(463499708,)",1,1080,"(3110400,)","(20, 1)","(20, 1)",2,10,0,1,1,0,0,1440,1080,17423,0,1,495,1941,1484478464,8338016000000,9.933,67.0
150,1440,1080,16,1,1,"(466610442,)",1,1080,"(3110400,)","(20, 1)","(20, 1)",2,10,0,1,1,0,0,1440,1080,17423,0,1,496,1941,1551478464,8338083000000,10.0,67.0
151,1440,1080,16,1,1,"(469721176,)",1,1080,"(3110400,)","(20, 1)","(20, 1)",2,10,0,1,1,0,0,1440,1080,17423,0,1,497,1941,1617478464,8338149000000,10.066,66.0
152,1440,1080,16,1,1,"(472831910,)",1,1080,"(3110400,)","(20, 1)","(20, 1)",2,10,0,1,1,0,0,1440,1080,17423,0,1,498,1941,1684478464,8338216000000,10.133,67.0
153,1440,1080,16,1,1,"(475942644,)",1,1080,"(3110400,)","(20, 1)","(20, 1)",2,10,0,1,1,0,0,1440,1080,17423,0,1,499,1941,1751478464,8338283000000,10.2,67.0
154,1440,1080,16,1,1,"(479053378,)",1,1080,"(3110400,)","(20, 1)","(20, 1)",2,10,0,1,1,0,0,1440,1080,17423,0,1,500,1941,1817478464,8338349000000,10.266,66.0
155,1440,1080,16,1,1,"(482164112,)",1,1080,"(3110400,)","(20, 1)","(20, 1)",2,10,0,1,1,0,0,1440,1080,17423,0,1,501,1941,1884478464,8338416000000,10.333,67.0
156,1440,1080,16,1,1,"(485274846,)",1,1080,"(3110400,)","(20, 1)","(20, 1)",2,10,0,1,1,0,0,1440,1080,17423,0,1,502,1941,1951478464,8338483000000,10.4,67.0
157,1440,1080,16,1,1,"(488385580,)",1,1080,"(3110400,)","(20, 1)","(20, 1)",2,10,0,1,1,0,0,1440,1080,17423,0,1,503,1941,2017478464,8338549000000,10.466,66.0
158,1440,1080,16,1,1,"(491496314,)",1,1080,"(3110400,)","(20, 1)","(20, 1)",2,10,0,1,1,0,0,1440,1080,17423,0,1,504,1941,2084478464,8338616000000,10.533,67.0
159,1440,1080,16,1,1,"(494607048,)",1,1080,"(3110400,)","(20, 1)","(20, 1)",2,10,0,1,1,0,0,1440,1080,17423,0,1,505,1941,2151478464,8338683000000,10.6,67.0
160,1440,1080,16,1,1,"(497717782,)",1,1080,"(3110400,)","(20, 1)","(20, 1)",2,10,0,1,1,0,0,1440,1080,17423,0,1,506,1941,2217478464,8338749000000,10.666,66.0
161,1440,1080,16,1,1,"(500828516,)",1,1080,"(3110400,)","(20, 1)","(20, 1)",2,10,0,1,1,0,0,1440,1080,17423,0,1,507,1941,2284478464,8338816000000,10.733,67.0
162,1440,1080,16,1,1,"(503939250,)",1,1080,"(3110400,)","(20, 1)","(20, 1)",2,10,0,1,1,0,0,1440,1080,17423,0,1,508,1941,2351478464,8338883000000,10.8,67.0
163,1440,1080,16,1,1,"(507049984,)",1,1080,"(3110400,)","(20, 1)","(20, 1)",2,10,0,1,1,0,0,1440,1080,17423,0,1,509,1941,2417478464,8338949000000,10.866,66.0
164,1440,1080,16,1,1,"(510160718,)",1,1080,"(3110400,)","(20, 1)","(20, 1)",2,10,0,1,1,0,0,1440,1080,17423,0,1,510,1941,2484478464,8339016000000,10.933,67.0
165,1440,1080,16,1,1,"(513271452,)",1,1080,"(3110400,)","(20, 1)","(20, 1)",2,10,0,1,1,0,0,1440,1080,17423,0,1,511,1941,2551478464,8339083000000,11.0,67.0
166,1440,1080,16,1,1,"(516382186,)",1,1080,"(3110400,)","(20, 1)","(20, 1)",2,10,0,1,1,0,0,1440,1080,17423,0,1,512,1941,2617478464,8339149000000,11.066,66.0
167,1440,1080,16,1,1,"(519492920,)",1,1080,"(3110400,)","(20, 1)","(20, 1)",2,10,0,1,1,0,0,1440,1080,17423,0,1,513,1941,2684478464,8339216000000,11.133,67.0
168,1440,1080,16,1,1,"(522603654,)",1,1080,"(3110400,)","(20, 1)","(20, 1)",2,10,0,1,1,0,0,1440,1080,17423,0,1,514,1941,2751478464,8339283000000,11.2,67.0
169,1440,1080,16,1,1,"(525714388,)",1,1080,"(3110400,)","(20, 1)","(20, 1)",2,10,0,1,1,0,0,1440,1080,17423,0,1,515,1941,2817478464,8339349000000,11.266,66.0
170,1440,1080,16,1,1,"(528825122,)",1,1080,"(3110400,)","(20, 1)","(20, 1)",2,10,0,1,1,0,0,1440,1080,17423,0,1,516,1941,2884478464,8339416000000,11.333,67.0
171,1440,1080,16,1,1,"(531935856,)",1,1080,"(3110400,)","(20, 1)","(20, 1)",2,10,0,1,1,0,0,1440,1080,17423,0,1,517,1941,2951478464,8339483000000,11.4,67.0
172,1440,1080,16,1,1,"(535046590,)",1,1080,"(3110400,)","(20, 1)","(20, 1)",2,10,0,1,1,0,0,1440,1080,17423,0,1,518,1941,3017478464,8339549000000,11.466,66.0
173,1440,1080,16,1,1,"(538157324,)",1,1080,"(3110400,)","(20, 1)","(20, 1)",2,10,0,1,1,0,0,1440,1080,17423,0,1,519,1941,3084478464,8339616000000,11.533,67.0
174,1440,1080,16,1,1,"(541268058,)",1,1080,"(3110400,)","(20, 1)","(20, 1)",2,10,0,1,1,0,0,1440,1080,17423,0,1,520,1941,3151478464,8339683000000,11.6,67.0
175,1440,1080,16,1,1,"(544378792,)",1,1080,"(3110400,)","(20, 1)","(20, 1)",2,10,0,1,1,0,0,1440,1080,17423,0,1,521,1941,3217478464,8339749000000,11.666,66.0
176,1440,1080,16,1,1,"(547489526,)",1,1080,"(3110400,)","(20, 1)","(20, 1)",2,10,0,1,1,0,0,1440,1080,17423,0,1,522,1941,3284478464,8339816000000,11.733,67.0
177,1440,1080,16,1,1,"(550600260,)",1,1080,"(3110400,)","(20, 1)","(20, 1)",2,10,0,1,1,0,0,1440,1080,17423,0,1,523,1941,3351478464,8339883000000,11.8,67.0
178,1440,1080,16,1,1,"(553710994,)",1,1080,"(3110400,)","(20, 1)","(20, 1)",2,10,0,1,1,0,0,1440,1080,17423,0,1,524,1941,3417478464,8339949000000,11.866,66.0
179,1440,1080,16,1,1,"(556821728,)",1,1080,"(3110400,)","(20, 1)","(20, 1)",2,10,0,1,1,0,0,1440,1080,17423,0,1,525,1941,3484478464,8340016000000,11.933,67.0
180,1440,1080,16,1,1,"(559932462,)",1,1080,"(3110400,)","(20, 1)","(20, 1)",2,10,0,1,1,0,0,1440,1080,17423,0,1,526,1941,3551478464,8340083000000,12.0,67.0
181,1440,1080,16,1,1,"(563043196,)",1,1080,"(3110400,)","(20, 1)","(20, 1)",2,10,0,1,1,0,0,1440,1080,17423,0,1,527,1941,3617478464,8340149000000,12.066,66.0
182,1440,1080,16,1,1,"(566153930,)",1,1080,"(3110400,)","(20, 1)","(20, 1)",2,10,0,1,1,0,0,1440,1080,17423,0,1,528,1941,3684478464,8340216000000,12.133,67.0
183,1440,1080,16,1,1,"(569264664,)",1,1080,"(3110400,)","(20, 1)","(20, 1)",2,10,0,1,1,0,0,1440,1080,17423,0,1,529,1941,3751478464,8340283000000,12.2,67.0
184,1440,1080,16,1,1,"(572375398,)",1,1080,"(3110400,)","(20, 1)","(20, 1)",2,10,0,1,1,0,0,1440,1080,17423,0,1,530,1941,3817478464,8340349000000,12.266,66.0
185,1440,1080,16,1,1,"(575486132,)",1,1080,"(3110400,)","(20, 1)","(20, 1)",2,10,0,1,1,0,0,1440,1080,17423,0,1,531,1941,3884478464,8340416000000,12.333,67.0
186,1440,1080,16,1,1,"(578596866,)",1,1080,"(3110400,)","(20, 1)","(20, 1)",2,10,0,1,1,0,0,1440,1080,17423,0,1,532,1941,3951478464,8340483000000,12.4,67.0
187,1440,1080,16,1,1,"(581707600,)",1,1080,"(3110400,)","(20, 1)","(20, 1)",2,10,0,1,1,0,0,1440,1080,17423,0,1,533,1941,4017478464,8340549000000,12.466,66.0
188,1440,1080,16,1,1,"(584818334,)",1,1080,"(3110400,)","(20, 1)","(20, 1)",2,10,0,1,1,0,0,1440,1080,17423,0,1,534,1941,4084478464,8340616000000,12.533,67.0
189,1440,1080,16,1,1,"(587929068,)",1,1080,"(3110400,)","(20, 1)","(20, 1)",2,10,0,1,1,0,0,1440,1080,17423,0,1,535,1941,4151478464,8340683000000,12.6,67.0
190,1440,1080,16,1,1,"(591039802,)",1,1080,"(3110400,)","(20, 1)","(20, 1)",2,10,0,1,1,0,0,1440,1080,17423,0,1,536,1941,4217478464,8340749000000,12.666,66.0
191,1440,1080,16,1,1,"(594150536,)",1,1080,"(3110400,)","(20, 1)","(20, 1)",2,10,0,1,1,0,0,1440,1080,17423,0,1,537,1941,4284478464,8340816000000,12.733,67.0
192,1440,1080,16,1,1,"(597261270,)",1,1080,"(3110400,)","(20, 1)","(20, 1)",2,10,0,1,1,0,0,1440,1080,17423,0,1,538,1942,56511168,8340883000000,12.8,67.0
193,1440,1080,16,1,1,"(600372004,)",1,1080,"(3110400,)","(20, 1)","(20, 1)",2,10,0,1,1,0,0,1440,1080,17423,0,1,539,1942,122511168,8340949000000,12.866,66.0
194,1440,1080,16,1,1,"(603482738,)",1,1080,"(3110400,)","(20, 1)","(20, 1)",2,10,0,1,1,0,0,1440,1080,17423,0,1,540,1942,189511168,8341016000000,12.933,67.0
195,1440,1080,16,1,1,"(606593472,)",1,1080,"(3110400,)","(20, 1)","(20, 1)",2,10,0,1,1,0,0,1440,1080,17423,0,1,541,1942,256511168,8341083000000,13.0,67.0
196,1440,1080,16,1,1,"(609704206,)",1,1080,"(3110400,)","(20, 1)","(20, 1)",2,10,0,1,1,0,0,1440,1080,17423,0,1,542,1942,322511168,8341149000000,13.066,66.0
197,1440,1080,16,1,1,"(612814940,)",1,1080,"(3110400,)","(20, 1)","(20, 1)",2,10,0,1,1,0,0,1440,1080,17423,0,1,543,1942,389511168,8341216000000,13.133,67.0
198,1440,1080,16,1,1,"(615925674,)",1,1080,"(3110400,)","(20, 1)","(20, 1)",2,10,0,1,1,0,0,1440,1080,17423,0,1,544,1942,456511168,8341283000000,13.2,67.0
199,1440,1080,16,1,1,"(619036408,)",1,1080,"(3110400,)","(20, 1)","(20, 1)",2,10,0,1,1,0,0,1440,1080,17423,0,1,545,1942,522511168,8341349000000,13.266,66.0
200,1440,1080,16,1,1,"(622147142,)",1,1080,"(3110400,)","(20, 1)","(20, 1)",2,10,0,1,1,0,0,1440,1080,17423,0,1,546,1942,589511168,8341416000000,13.333,67.0
201,1440,1080,16,1,1,"(625257876,)",1,1080,"(3110400,)","(20, 1)","(20, 1)",2,10,0,1,1,0,0,1440,1080,17423,0,1,547,1942,656511168,8341483000000,13.4,67.0
202,1440,1080,16,1,1,"(628368610,)",1,1080,"(3110400,)","(20, 1)","(20, 1)",2,10,0,1,1,0,0,1440,1080,17423,0,1,548,1942,722511168,8341549000000,13.466,66.0
203,1440,1080,16,1,1,"(631479344,)",1,1080,"(3110400,)","(20, 1)","(20, 1)",2,10,0,1,1,0,0,1440,1080,17423,0,1,549,1942,789511168,8341616000000,13.533,67.0
204,1440,1080,16,1,1,"(634590078,)",1,1080,"(3110400,)","(20, 1)","(20, 1)",2,10,0,1,1,0,0,1440,1080,17423,0,1,550,1942,856511168,8341683000000,13.6,67.0
205,1440,1080,16,1,1,"(637700812,)",1,1080,"(3110400,)","(20, 1)","(20, 1)",2,10,0,1,1,0,0,1440,1080,17423,0,1,551,1942,922511168,8341749000000,13.666,66.0
206,1440,1080,16,1,1,"(640811546,)",1,1080,"(3110400,)","(20, 1)","(20, 1)",2,10,0,1,1,0,0,1440,1080,17423,0,1,552,1942,989511168,8341816000000,13.733,67.0
207,1440,1080,16,1,1,"(643922280,)",1,1080,"(3110400,)","(20, 1)","(20, 1)",2,10,0,1,1,0,0,1440,1080,17423,0,1,553,1942,1056511168,8341883000000,13.8,67.0
208,1440,1080,16,1,1,"(647033014,)",1,1080,"(3110400,)","(20, 1)","(20, 1)",2,10,0,1,1,0,0,1440,1080,17423,0,1,554,1942,1122511168,8341949000000,13.866,66.0
209,1440,1080,16,1,1,"(650143748,)",1,1080,"(3110400,)","(20, 1)","(20, 1)",2,10,0,1,1,0,0,1440,1080,17423,0,1,555,1942,1189511168,8342016000000,13.933,67.0
210,1440,1080,16,1,1,"(653254482,)",1,1080,"(3110400,)","(20, 1)","(20, 1)",2,10,0,1,1,0,0,1440,1080,17423,0,1,556,1942,1256511168,8342083000000,14.0,67.0
211,1440,1080,16,1,1,"(656365216,)",1,1080,"(3110400,)","(20, 1)","(20, 1)",2,10,0,1,1,0,0,1440,1080,17423,0,1,557,1942,1322511168,8342149000000,14.066,66.0
212,1440,1080,16,1,1,"(659475950,)",1,1080,"(3110400,)","(20, 1)","(20, 1)",2,10,0,1,1,0,0,1440,1080,17423,0,1,558,1942,1389511168,8342216000000,14.133,67.0
213,1440,1080,16,1,1,"(662586684,)",1,1080,"(3110400,)","(20, 1)","(20, 1)",2,10,0,1,1,0,0,1440,1080,17423,0,1,559,1942,1456511168,8342283000000,14.2,67.0
214,1440,1080,16,1,1,"(665697418,)",1,1080,"(3110400,)","(20, 1)","(20, 1)",2,10,0,1,1,0,0,1440,1080,17423,0,1,560,1942,1522511168,8342349000000,14.266,66.0
215,1440,1080,16,1,1,"(668808152,)",1,1080,"(3110400,)","(20, 1)","(20, 1)",2,10,0,1,1,0,0,1440,1080,17423,0,1,561,1942,1589511168,8342416000000,14.333,67.0
216,1440,1080,16,1,1,"(671918886,)",1,1080,"(3110400,)","(20, 1)","(20, 1)",2,10,0,1,1,0,0,1440,1080,17423,0,1,562,1942,1656511168,8342483000000,14.4,67.0
217,1440,1080,16,1,1,"(675029620,)",1,1080,"(3110400,)","(20, 1)","(20, 1)",2,10,0,1,1,0,0,1440,1080,17423,0,1,563,1942,1722511168,8342549000000,14.466,66.0
218,1440,1080,16,1,1,"(678140354,)",1,1080,"(3110400,)","(20, 1)","(20, 1)",2,10,0,1,1,0,0,1440,1080,17423,0,1,564,1942,1789511168,8342616000000,14.533,67.0
219,1440,1080,16,1,1,"(681251088,)",1,1080,"(3110400,)","(20, 1)","(20, 1)",2,10,0,1,1,0,0,1440,1080,17423,0,1,565,1942,1856511168,8342683000000,14.6,67.0
220,1440,1080,16,1,1,"(684361822,)",1,1080,"(3110400,)","(20, 1)","(20, 1)",2,10,0,1,1,0,0,1440,1080,17423,0,1,566,1942,1922511168,8342749000000,14.666,66.0
221,1440,1080,16,1,1,"(687472556,)",1,1080,"(3110400,)","(20, 1)","(20, 1)",2,10,0,1,1,0,0,1440,1080,17423,0,1,567,1942,1989511168,8342816000000,14.733,67.0
222,1440,1080,16,1,1,"(690583290,)",1,1080,"(3110400,)","(20, 1)","(20, 1)",2,10,0,1,1,0,0,1440,1080,17423,0,1,568,1942,2056511168,8342883000000,14.8,67.0
223,1440,1080,16,1,1,"(693694024,)",1,1080,"(3110400,)","(20, 1)","(20, 1)",2,10,0,1,1,0,0,1440,1080,17423,0,1,569,1942,2122511168,8342949000000,14.866,66.0
224,1440,1080,16,1,1,"(696804758,)",1,1080,"(3110400,)","(20, 1)","(20, 1)",2,10,0,1,1,0,0,1440,1080,17423,0,1,570,1942,2189511168,8343016000000,14.933,67.0
225,1440,1080,16,1,1,"(699915492,)",1,1080,"(3110400,)","(20, 1)","(20, 1)",2,10,0,1,1,0,0,1440,1080,17423,0,1,571,1942,2256511168,8343083000000,15.0,67.0
226,1440,1080,16,1,1,"(703026226,)",1,1080,"(3110400,)","(20, 1)","(20, 1)",2,10,0,1,1,0,0,1440,1080,17423,0,1,572,1942,2322511168,8343149000000,15.066,66.0
227,1440,1080,16,1,1,"(706136960,)",1,1080,"(3110400,)","(20, 1)","(20, 1)",2,10,0,1,1,0,0,1440,1080,17423,0,1,573,1942,2389511168,8343216000000,15.133,67.0
228,1440,1080,16,1,1,"(709247694,)",1,1080,"(3110400,)","(20, 1)","(20, 1)",2,10,0,1,1,0,0,1440,1080,17423,0,1,574,1942,2456511168,8343283000000,15.2,67.0
229,1440,1080,16,1,1,"(712358428,)",1,1080,"(3110400,)","(20, 1)","(20, 1)",2,10,0,1,1,0,0,1440,1080,17423,0,1,575,1942,2522511168,8343349000000,15.266,66.0
230,1440,1080,16,1,1,"(715469162,)",1,1080,"(3110400,)","(20, 1)","(20, 1)",2,10,0,1,1,0,0,1440,1080,17423,0,1,576,1942,2589511168,8343416000000,15.333,67.0
231,1440,1080,16,1,1,"(718579896,)",1,1080,"(3110400,)","(20, 1)","(20, 1)",2,10,0,1,1,0,0,1440,1080,17423,0,1,577,1942,2656511168,8343483000000,15.4,67.0
232,1440,1080,16,1,1,"(721690630,)",1,1080,"(3110400,)","(20, 1)","(20, 1)",2,10,0,1,1,0,0,1440,1080,17423,0,1,578,1942,2722511168,8343549000000,15.466,66.0
233,1440,1080,16,1,1,"(724801364,)",1,1080,"(3110400,)","(20, 1)","(20, 1)",2,10,0,1,1,0,0,1440,1080,17423,0,1,579,1942,2789511168,8343616000000,15.533,67.0
234,1440,1080,16,1,1,"(727912098,)",1,1080,"(3110400,)","(20, 1)","(20, 1)",2,10,0,1,1,0,0,1440,1080,17423,0,1,580,1942,2856511168,8343683000000,15.6,67.0
235,1440,1080,16,1,1,"(731022832,)",1,1080,"(3110400,)","(20, 1)","(20, 1)",2,10,0,1,1,0,0,1440,1080,17423,0,1,581,1942,2922511168,8343749000000,15.666,66.0
236,1440,1080,16,1,1,"(734133566,)",1,1080,"(3110400,)","(20, 1)","(20, 1)",2,10,0,1,1,0,0,1440,1080,17423,0,1,582,1942,2989511168,8343816000000,15.733,67.0
237,1440,1080,16,1,1,"(737244300,)",1,1080,"(3110400,)","(20, 1)","(20, 1)",2,10,0,1,1,0,0,1440,1080,17423,0,1,583,1942,3056511168,8343883000000,15.8,67.0
238,1440,1080,16,1,1,"(740355034,)",1,1080,"(3110400,)","(20, 1)","(20, 1)",2,10,0,1,1,0,0,1440,1080,17423,0,1,584,1942,3122511168,8343949000000,15.866,66.0
239,1440,1080,16,1,1,"(743465768,)",1,1080,"(3110400,)","(20, 1)","(20, 1)",2,10,0,1,1,0,0,1440,1080,17423,0,1,585,1942,3189511168,8344016000000,15.933,67.0
240,1440,1080,16,1,1,"(746576502,)",1,1080,"(3110400,)","(20, 1)","(20, 1)",2,10,0,1,1,0,0,1440,1080,17423,0,1,586,1942,3256511168,8344083000000,16.0,67.0
241,1440,1080,16,1,1,"(749687236,)",1,1080,"(3110400,)","(20, 1)","(20, 1)",2,10,0,1,1,0,0,1440,1080,17423,0,1,587,1942,3322511168,8344149000000,16.066,66.0
242,1440,1080,16,1,1,"(752797970,)",1,1080,"(3110400,)","(20, 1)","(20, 1)",2,10,0,1,1,0,0,1440,1080,17423,0,1,588,1942,3389511168,8344216000000,16.133,67.0
243,1440,1080,16,1,1,"(755908704,)",1,1080,"(3110400,)","(20, 1)","(20, 1)",2,10,0,1,1,0,0,1440,1080,17423,0,1,589,1942,3456511168,8344283000000,16.2,67.0
244,1440,1080,16,1,1,"(759019438,)",1,1080,"(3110400,)","(20, 1)","(20, 1)",2,10,0,1,1,0,0,1440,1080,17423,0,1,590,1942,3522511168,8344349000000,16.266,66.0
245,1440,1080,16,1,1,"(762130172,)",1,1080,"(3110400,)","(20, 1)","(20, 1)",2,10,0,1,1,0,0,1440,1080,17423,0,1,591,1942,3589511168,8344416000000,16.333,67.0
246,1440,1080,16,1,1,"(765240906,)",1,1080,"(3110400,)","(20, 1)","(20, 1)",2,10,0,1,1,0,0,1440,1080,17423,0,1,592,1942,3656511168,8344483000000,16.4,67.0
247,1440,1080,16,1,1,"(768351640,)",1,1080,"(3110400,)","(20, 1)","(20, 1)",2,10,0,1,1,0,0,1440,1080,17423,0,1,593,1942,3722511168,8344549000000,16.466,66.0
248,1440,1080,16,1,1,"(771462374,)",1,1080,"(3110400,)","(20, 1)","(20, 1)",2,10,0,1,1,0,0,1440,1080,17423,0,1,594,1942,3789511168,8344616000000,16.533,67.0
249,1440,1080,16,1,1,"(774573108,)",1,1080,"(3110400,)","(20, 1)","(20, 1)",2,10,0,1,1,0,0,1440,1080,17423,0,1,595,1942,3856511168,8344683000000,16.6,67.0
250,1440,1080,16,1,1,"(777683842,)",1,1080,"(3110400,)","(20, 1)","(20, 1)",2,10,0,1,1,0,0,1440,1080,17423,0,1,596,1942,3922511168,8344749000000,16.666,66.0
251,1440,1080,16,1,1,"(780794576,)",1,1080,"(3110400,)","(20, 1)","(20, 1)",2,10,0,1,1,0,0,1440,1080,17423,0,1,597,1942,3989511168,8344816000000,16.733,67.0
252,1440,1080,16,1,1,"(783905310,)",1,1080,"(3110400,)","(20, 1)","(20, 1)",2,10,0,1,1,0,0,1440,1080,17423,0,1,598,1942,4056511168,8344883000000,16.8,67.0
253,1440,1080,16,1,1,"(787016044,)",1,1080,"(3110400,)","(20, 1)","(20, 1)",2,10,0,1,1,0,0,1440,1080,17423,0,1,599,1942,4122511168,8344949000000,16.866,66.0
254,1440,1080,16,1,1,"(790126778,)",1,1080,"(3110400,)","(20, 1)","(20, 1)",2,10,0,1,1,0,0,1440,1080,17423,0,1,600,1942,4189511168,8345016000000,16.933,67.0
255,1440,1080,16,1,1,"(793237512,)",1,1080,"(3110400,)","(20, 1)","(20, 1)",2,10,0,1,1,0,0,1440,1080,17423,0,1,601,1942,4256511168,8345083000000,17.0,67.0
256,1440,1080,16,1,1,"(796348246,)",1,1080,"(3110400,)","(20, 1)","(20, 1)",2,10,0,1,1,0,0,1440,1080,17423,0,1,602,1943,27543872,8345149000000,17.066,66.0
257,1440,1080,16,1,1,"(799458980,)",1,1080,"(3110400,)","(20, 1)","(20, 1)",2,10,0,1,1,0,0,1440,1080,17423,0,1,603,1943,94543872,8345216000000,17.133,67.0
258,1440,1080,16,1,1,"(802569714,)",1,1080,"(3110400,)","(20, 1)","(20, 1)",2,10,0,1,1,0,0,1440,1080,17423,0,1,604,1943,161543872,8345283000000,17.2,67.0
259,1440,1080,16,1,1,"(805680448,)",1,1080,"(3110400,)","(20, 1)","(20, 1)",2,10,0,1,1,0,0,1440,1080,17423,0,1,605,1943,227543872,8345349000000,17.266,66.0
260,1440,1080,16,1,1,"(808791182,)",1,1080,"(3110400,)","(20, 1)","(20, 1)",2,10,0,1,1,0,0,1440,1080,17423,0,1,606,1943,294543872,8345416000000,17.333,67.0
261,1440,1080,16,1,1,"(811901916,)",1,1080,"(3110400,)","(20, 1)","(20, 1)",2,10,0,1,1,0,0,1440,1080,17423,0,1,607,1943,361543872,8345483000000,17.4,67.0
262,1440,1080,16,1,1,"(815012650,)",1,1080,"(3110400,)","(20, 1)","(20, 1)",2,10,0,1,1,0,0,1440,1080,17423,0,1,608,1943,427543872,8345549000000,17.466,66.0
263,1440,1080,16,1,1,"(818123384,)",1,1080,"(3110400,)","(20, 1)","(20, 1)",2,10,0,1,1,0,0,1440,1080,17423,0,1,609,1943,494543872,8345616000000,17.533,67.0
264,1440,1080,16,1,1,"(821234118,)",1,1080,"(3110400,)","(20, 1)","(20, 1)",2,10,0,1,1,0,0,1440,1080,17423,0,1,610,1943,561543872,8345683000000,17.6,67.0
265,1440,1080,16,1,1,"(824344852,)",1,1080,"(3110400,)","(20, 1)","(20, 1)",2,10,0,1,1,0,0,1440,1080,17423,0,1,611,1943,627543872,8345749000000,17.666,66.0
266,1440,1080,16,1,1,"(827455586,)",1,1080,"(3110400,)","(20, 1)","(20, 1)",2,10,0,1,1,0,0,1440,1080,17423,0,1,612,1943,694543872,8345816000000,17.733,67.0
267,1440,1080,16,1,1,"(830566320,)",1,1080,"(3110400,)","(20, 1)","(20, 1)",2,10,0,1,1,0,0,1440,1080,17423,0,1,613,1943,761543872,8345883000000,17.8,67.0
268,1440,1080,16,1,1,"(833677054,)",1,1080,"(3110400,)","(20, 1)","(20, 1)",2,10,0,1,1,0,0,1440,1080,17423,0,1,614,1943,827543872,8345949000000,17.866,66.0
269,1440,1080,16,1,1,"(836787788,)",1,1080,"(3110400,)","(20, 1)","(20, 1)",2,10,0,1,1,0,0,1440,1080,17423,0,1,615,1943,894543872,8346016000000,17.933,67.0
270,1440,1080,16,1,1,"(839898522,)",1,1080,"(3110400,)","(20, 1)","(20, 1)",2,10,0,1,1,0,0,1440,1080,17423,0,1,616,1943,961543872,8346083000000,18.0,67.0
271,1440,1080,16,1,1,"(843009256,)",1,1080,"(3110400,)","(20, 1)","(20, 1)",2,10,0,1,1,0,0,1440,1080,17423,0,1,617,1943,1027543872,8346149000000,18.066,66.0
272,1440,1080,16,1,1,"(846119990,)",1,1080,"(3110400,)","(20, 1)","(20, 1)",2,10,0,1,1,0,0,1440,1080,17423,0,1,618,1943,1094543872,8346216000000,18.133,67.0
273,1440,1080,16,1,1,"(849230724,)",1,1080,"(3110400,)","(20, 1)","(20, 1)",2,10,0,1,1,0,0,1440,1080,17423,0,1,619,1943,1161543872,8346283000000,18.2,67.0
274,1440,1080,16,1,1,"(852341458,)",1,1080,"(3110400,)","(20, 1)","(20, 1)",2,10,0,1,1,0,0,1440,1080,17423,0,1,620,1943,1227543872,8346349000000,18.266,66.0
275,1440,1080,16,1,1,"(855452192,)",1,1080,"(3110400,)","(20, 1)","(20, 1)",2,10,0,1,1,0,0,1440,1080,17423,0,1,621,1943,1294543872,8346416000000,18.333,67.0
276,1440,1080,16,1,1,"(858562926,)",1,1080,"(3110400,)","(20, 1)","(20, 1)",2,10,0,1,1,0,0,1440,1080,17423,0,1,622,1943,1361543872,8346483000000,18.4,67.0
277,1440,1080,16,1,1,"(861673660,)",1,1080,"(3110400,)","(20, 1)","(20, 1)",2,10,0,1,1,0,0,1440,1080,17423,0,1,623,1943,1427543872,8346549000000,18.466,66.0
278,1440,1080,16,1,1,"(864784394,)",1,1080,"(3110400,)","(20, 1)","(20, 1)",2,10,0,1,1,0,0,1440,1080,17423,0,1,624,1943,1494543872,8346616000000,18.533,67.0
279,1440,1080,16,1,1,"(867895128,)",1,1080,"(3110400,)","(20, 1)","(20, 1)",2,10,0,1,1,0,0,1440,1080,17423,0,1,625,1943,1561543872,8346683000000,18.6,67.0
280,1440,1080,16,1,1,"(871005862,)",1,1080,"(3110400,)","(20, 1)","(20, 1)",2,10,0,1,1,0,0,1440,1080,17423,0,1,626,1943,1627543872,8346749000000,18.666,66.0
281,1440,1080,16,1,1,"(874116596,)",1,1080,"(3110400,)","(20, 1)","(20, 1)",2,10,0,1,1,0,0,1440,1080,17423,0,1,627,1943,1694543872,8346816000000,18.733,67.0
282,1440,1080,16,1,1,"(877227330,)",1,1080,"(3110400,)","(20, 1)","(20, 1)",2,10,0,1,1,0,0,1440,1080,17423,0,1,628,1943,1761543872,8346883000000,18.8,67.0
283,1440,1080,16,1,1,"(880338064,)",1,1080,"(3110400,)","(20, 1)","(20, 1)",2,10,0,1,1,0,0,1440,1080,17423,0,1,629,1943,1827543872,8346949000000,18.866,66.0
284,1440,1080,16,1,1,"(883448798,)",1,1080,"(3110400,)","(20, 1)","(20, 1)",2,10,0,1,1,0,0,1440,1080,17423,0,1,630,1943,1894543872,8347016000000,18.933,67.0
285,1440,1080,16,1,1,"(886559532,)",1,1080,"(3110400,)","(20, 1)","(20, 1)",2,10,0,1,1,0,0,1440,1080,17423,0,1,631,1943,1961543872,8347083000000,19.0,67.0
286,1440,1080,16,1,1,"(889670266,)",1,1080,"(3110400,)","(20, 1)","(20, 1)",2,10,0,1,1,0,0,1440,1080,17423,0,1,632,1943,2027543872,8347149000000,19.066,66.0
287,1440,1080,16,1,1,"(892781000,)",1,1080,"(3110400,)","(20, 1)","(20, 1)",2,10,0,1,1,0,0,1440,1080,17423,0,1,633,1943,2094543872,8347216000000,19.133,67.0
288,1440,1080,16,1,1,"(895891734,)",1,1080,"(3110400,)","(20, 1)","(20, 1)",2,10,0,1,1,0,0,1440,1080,17423,0,1,634,1943,2161543872,8347283000000,19.2,67.0
289,1440,1080,16,1,1,"(899002468,)",1,1080,"(3110400,)","(20, 1)","(20, 1)",2,10,0,1,1,0,0,1440,1080,17423,0,1,635,1943,2227543872,8347349000000,19.266,66.0
290,1440,1080,16,1,1,"(902113202,)",1,1080,"(3110400,)","(20, 1)","(20, 1)",2,10,0,1,1,0,0,1440,1080,17423,0,1,636,1943,2294543872,8347416000000,19.333,67.0
291,1440,1080,16,1,1,"(905223936,)",1,1080,"(3110400,)","(20, 1)","(20, 1)",2,10,0,1,1,0,0,1440,1080,17423,0,1,637,1943,2361543872,8347483000000,19.4,67.0
292,1440,1080,16,1,1,"(908334670,)",1,1080,"(3110400,)","(20, 1)","(20, 1)",2,10,0,1,1,0,0,1440,1080,17423,0,1,638,1943,2427543872,8347549000000,19.466,66.0
293,1440,1080,16,1,1,"(911445404,)",1,1080,"(3110400,)","(20, 1)","(20, 1)",2,10,0,1,1,0,0,1440,1080,17423,0,1,639,1943,2494543872,8347616000000,19.533,67.0
294,1440,1080,16,1,1,"(914556138,)",1,1080,"(3110400,)","(20, 1)","(20, 1)",2,10,0,1,1,0,0,1440,1080,17423,0,1,640,1943,2561543872,8347683000000,19.6,67.0
295,1440,1080,16,1,1,"(917666872,)",1,1080,"(3110400,)","(20, 1)","(20, 1)",2,10,0,1,1,0,0,1440,1080,17423,0,1,641,1943,2627543872,8347749000000,19.666,66.0
296,1440,1080,16,1,1,"(920777606,)",1,1080,"(3110400,)","(20, 1)","(20, 1)",2,10,0,1,1,0,0,1440,1080,17423,0,1,642,1943,2694543872,8347816000000,19.733,67.0
297,1440,1080,16,1,1,"(923888340,)",1,1080,"(3110400,)","(20, 1)","(20, 1)",2,10,0,1,1,0,0,1440,1080,17423,0,1,643,1943,2761543872,8347883000000,19.8,67.0
298,1440,1080,16,1,1,"(926999074,)",1,1080,"(3110400,)","(20, 1)","(20, 1)",2,10,0,1,1,0,0,1440,1080,17423,0,1,644,1943,2827543872,8347949000000,19.866,66.0
299,1440,1080,16,1,1,"(930109808,)",1,1080,"(3110400,)","(20, 1)","(20, 1)",2,10,0,1,1,0,0,1440,1080,17423,0,1,645,1943,2894543872,8348016000000,19.933,67.0
300,1440,1080,16,1,1,"(933220542,)",1,1080,"(3110400,)","(20, 1)","(20, 1)",2,10,0,1,1,0,0,1440,1080,17423,0,1,646,1943,2961543872,8348083000000,20.0,67.0
301,1440,1080,16,1,1,"(936331276,)",1,1080,"(3110400,)","(20, 1)","(20, 1)",2,10,0,1,1,0,0,1440,1080,17423,0,1,647,1943,3027543872,8348149000000,20.066,66.0
302,1440,1080,16,1,1,"(939442010,)",1,1080,"(3110400,)","(20, 1)","(20, 1)",2,10,0,1,1,0,0,1440,1080,17423,0,1,648,1943,3094543872,8348216000000,20.133,67.0
303,1440,1080,16,1,1,"(942552744,)",1,1080,"(3110400,)","(20, 1)","(20, 1)",2,10,0,1,1,0,0,1440,1080,17423,0,1,649,1943,3161543872,8348283000000,20.2,67.0
304,1440,1080,16,1,1,"(945663478,)",1,1080,"(3110400,)","(20, 1)","(20, 1)",2,10,0,1,1,0,0,1440,1080,17423,0,1,650,1943,3227543872,8348349000000,20.266,66.0
305,1440,1080,16,1,1,"(948774212,)",1,1080,"(3110400,)","(20, 1)","(20, 1)",2,10,0,1,1,0,0,1440,1080,17423,0,1,651,1943,3294543872,8348416000000,20.333,67.0
306,1440,1080,16,1,1,"(951884946,)",1,1080,"(3110400,)","(20, 1)","(20, 1)",2,10,0,1,1,0,0,1440,1080,17423,0,1,652,1943,3361543872,8348483000000,20.4,67.0
307,1440,1080,16,1,1,"(954995680,)",1,1080,"(3110400,)","(20, 1)","(20, 1)",2,10,0,1,1,0,0,1440,1080,17423,0,1,653,1943,3427543872,8348549000000,20.466,66.0
308,1440,1080,16,1,1,"(958106414,)",1,1080,"(3110400,)","(20, 1)","(20, 1)",2,10,0,1,1,0,0,1440,1080,17423,0,1,654,1943,3494543872,8348616000000,20.533,67.0
309,1440,1080,16,1,1,"(961217148,)",1,1080,"(3110400,)","(20, 1)","(20, 1)",2,10,0,1,1,0,0,1440,1080,17423,0,1,655,1943,3561543872,8348683000000,20.6,67.0
310,1440,1080,16,1,1,"(964327882,)",1,1080,"(3110400,)","(20, 1)","(20, 1)",2,10,0,1,1,0,0,1440,1080,17423,0,1,656,1943,3627543872,8348749000000,20.666,66.0
311,1440,1080,16,1,1,"(967438616,)",1,1080,"(3110400,)","(20, 1)","(20, 1)",2,10,0,1,1,0,0,1440,1080,17423,0,1,657,1943,3694543872,8348816000000,20.733,67.0
312,1440,1080,16,1,1,"(970549350,)",1,1080,"(3110400,)","(20, 1)","(20, 1)",2,10,0,1,1,0,0,1440,1080,17423,0,1,658,1943,3761543872,8348883000000,20.8,67.0
313,1440,1080,16,1,1,"(973660084,)",1,1080,"(3110400,)","(20, 1)","(20, 1)",2,10,0,1,1,0,0,1440,1080,17423,0,1,659,1943,3827543872,8348949000000,20.866,66.0
314,1440,1080,16,1,1,"(976770818,)",1,1080,"(3110400,)","(20, 1)","(20, 1)",2,10,0,1,1,0,0,1440,1080,17423,0,1,660,1943,3894543872,8349016000000,20.933,67.0
315,1440,1080,16,1,1,"(979881552,)",1,1080,"(3110400,)","(20, 1)","(20, 1)",2,10,0,1,1,0,0,1440,1080,17423,0,1,661,1943,3961543872,8349083000000,21.0,67.0
316,1440,1080,16,1,1,"(982992286,)",1,1080,"(3110400,)","(20, 1)","(20, 1)",2,10,0,1,1,0,0,1440,1080,17423,0,1,662,1943,4027543872,8349149000000,21.066,66.0
317,1440,1080,16,1,1,"(986103020,)",1,1080,"(3110400,)","(20, 1)","(20, 1)",2,10,0,1,1,0,0,1440,1080,17423,0,1,663,1943,4094543872,8349216000000,21.133,67.0
318,1440,1080,16,1,1,"(989213754,)",1,1080,"(3110400,)","(20, 1)","(20, 1)",2,10,0,1,1,0,0,1440,1080,17423,0,1,664,1943,4161543872,8349283000000,21.2,67.0
319,1440,1080,16,1,1,"(992324488,)",1,1080,"(3110400,)","(20, 1)","(20, 1)",2,10,0,1,1,0,0,1440,1080,17423,0,1,665,1943,4227543872,8349349000000,21.266,66.0
320,1440,1080,16,1,1,"(995435222,)",1,1080,"(3110400,)","(20, 1)","(20, 1)",2,10,0,1,1,0,0,1440,1080,17423,0,1,666,1943,4294543872,8349416000000,21.333,67.0
321,1440,1080,16,1,1,"(998545956,)",1,1080,"(3110400,)","(20, 1)","(20, 1)",2,10,0,1,1,0,0,1440,1080,17423,0,1,667,1944,66576576,8349483000000,21.4,67.0
322,1440,1080,16,1,1,"(1001656690,)",1,1080,"(3110400,)","(20, 1)","(20, 1)",2,10,0,1,1,0,0,1440,1080,17423,0,1,668,1944,132576576,8349549000000,21.466,66.0
323,1440,1080,16,1,1,"(1004767424,)",1,1080,"(3110400,)","(20, 1)","(20, 1)",2,10,0,1,1,0,0,1440,1080,17423,0,1,669,1944,199576576,8349616000000,21.533,67.0
324,1440,1080,16,1,1,"(1007878158,)",1,1080,"(3110400,)","(20, 1)","(20, 1)",2,10,0,1,1,0,0,1440,1080,17423,0,1,670,1944,266576576,8349683000000,21.6,67.0
325,1440,1080,16,1,1,"(1010988892,)",1,1080,"(3110400,)","(20, 1)","(20, 1)",2,10,0,1,1,0,0,1440,1080,17423,0,1,671,1944,332576576,8349749000000,21.666,66.0
326,1440,1080,16,1,1,"(1014099626,)",1,1080,"(3110400,)","(20, 1)","(20, 1)",2,10,0,1,1,0,0,1440,1080,17423,0,1,672,1944,399576576,8349816000000,21.733,67.0
327,1440,1080,16,1,1,"(1017210360,)",1,1080,"(3110400,)","(20, 1)","(20, 1)",2,10,0,1,1,0,0,1440,1080,17423,0,1,673,1944,466576576,8349883000000,21.8,67.0
328,1440,1080,16,1,1,"(1020321094,)",1,1080,"(3110400,)","(20, 1)","(20, 1)",2,10,0,1,1,0,0,1440,1080,17423,0,1,674,1944,532576576,8349949000000,21.866,66.0
329,1440,1080,16,1,1,"(1023431828,)",1,1080,"(3110400,)","(20, 1)","(20, 1)",2,10,0,1,1,0,0,1440,1080,17423,0,1,675,1944,599576576,8350016000000,21.933,67.0
330,1440,1080,16,1,1,"(1026542562,)",1,1080,"(3110400,)","(20, 1)","(20, 1)",2,10,0,1,1,0,0,1440,1080,17423,0,1,676,1944,666576576,8350083000000,22.0,67.0
331,1440,1080,16,1,1,"(1029653296,)",1,1080,"(3110400,)","(20, 1)","(20, 1)",2,10,0,1,1,0,0,1440,1080,17423,0,1,677,1944,732576576,8350149000000,22.066,66.0
332,1440,1080,16,1,1,"(1032764030,)",1,1080,"(3110400,)","(20, 1)","(20, 1)",2,10,0,1,1,0,0,1440,1080,17423,0,1,678,1944,799576576,8350216000000,22.133,67.0
333,1440,1080,16,1,1,"(1035874764,)",1,1080,"(3110400,)","(20, 1)","(20, 1)",2,10,0,1,1,0,0,1440,1080,17423,0,1,679,1944,866576576,8350283000000,22.2,67.0
334,1440,1080,16,1,1,"(1038985498,)",1,1080,"(3110400,)","(20, 1)","(20, 1)",2,10,0,1,1,0,0,1440,1080,17423,0,1,680,1944,932576576,8350349000000,22.266,66.0
335,1440,1080,16,1,1,"(1042096232,)",1,1080,"(3110400,)","(20, 1)","(20, 1)",2,10,0,1,1,0,0,1440,1080,17423,0,1,681,1944,999576576,8350416000000,22.333,67.0
336,1440,1080,16,1,1,"(1045206966,)",1,1080,"(3110400,)","(20, 1)","(20, 1)",2,10,0,1,1,0,0,1440,1080,17423,0,1,682,1944,1066576576,8350483000000,22.4,67.0
337,1440,1080,16,1,1,"(1048317700,)",1,1080,"(3110400,)","(20, 1)","(20, 1)",2,10,0,1,1,0,0,1440,1080,17423,0,1,683,1944,1132576576,8350549000000,22.466,66.0
338,1440,1080,16,1,1,"(1051428434,)",1,1080,"(3110400,)","(20, 1)","(20, 1)",2,10,0,1,1,0,0,1440,1080,17423,0,1,684,1944,1199576576,8350616000000,22.533,67.0
339,1440,1080,16,1,1,"(1054539168,)",1,1080,"(3110400,)","(20, 1)","(20, 1)",2,10,0,1,1,0,0,1440,1080,17423,0,1,685,1944,1266576576,8350683000000,22.6,67.0
340,1440,1080,16,1,1,"(1057649902,)",1,1080,"(3110400,)","(20, 1)","(20, 1)",2,10,0,1,1,0,0,1440,1080,17423,0,1,686,1944,1332576576,8350749000000,22.666,66.0
341,1440,1080,16,1,1,"(1060760636,)",1,1080,"(3110400,)","(20, 1)","(20, 1)",2,10,0,1,1,0,0,1440,1080,17423,0,1,687,1944,1399576576,8350816000000,22.733,67.0
342,1440,1080,16,1,1,"(1063871370,)",1,1080,"(3110400,)","(20, 1)","(20, 1)",2,10,0,1,1,0,0,1440,1080,17423,0,1,688,1944,1466576576,8350883000000,22.8,67.0
343,1440,1080,16,1,1,"(1066982104,)",1,1080,"(3110400,)","(20, 1)","(20, 1)",2,10,0,1,1,0,0,1440,1080,17423,0,1,689,1944,1532576576,8350949000000,22.866,66.0
344,1440,1080,16,1,1,"(1070092838,)",1,1080,"(3110400,)","(20, 1)","(20, 1)",2,10,0,1,1,0,0,1440,1080,17423,0,1,690,1944,1599576576,8351016000000,22.933,67.0
